id,conversation_id,created_at,date,time,timezone,user_id,username,name,place,tweet,language,mentions,urls,photos,replies_count,retweets_count,likes_count,hashtags,cashtags,link,retweet,quote_url,video,thumbnail,near,geo,source,user_rt_id,user_rt,retweet_id,reply_to,retweet_date,translate,trans_src,trans_dest
1377584433017016324,1377462707536986113,2021-04-01 14:31:37 Jerusalem Daylight Time,2021-04-01,14:31:37,+0300,876408437814558724,yairnetanyahu,Yair Netanyahu ğŸ‡®ğŸ‡±,,@RinoZror  https://t.co/7PGYQ3PMnm,und,[],[],['https://pbs.twimg.com/media/Ex4pvNbW8AQbxBp.jpg'],0,2,41,[],[],https://twitter.com/YairNetanyahu/status/1377584433017016324,False,,1,https://pbs.twimg.com/media/Ex4pvNbW8AQbxBp.jpg,,,,,,,[],,,,
1377584028350562304,1377584028350562304,2021-04-01 14:30:01 Jerusalem Daylight Time,2021-04-01,14:30:01,+0300,876408437814558724,yairnetanyahu,Yair Netanyahu ğŸ‡®ğŸ‡±,,×”×ª×§×©×•×¨×ª ××ª×™×¨×” ××ª ×“××• ×©×œ × ×ª× ×™×”×•,iw,[],[],[],129,52,732,[],[],https://twitter.com/YairNetanyahu/status/1377584028350562304,False,https://twitter.com/nachi_z9/status/1377579024076144641,0,,,,,,,,[],,,,
1377555560690810885,1377555560690810885,2021-04-01 12:36:54 Jerusalem Daylight Time,2021-04-01,12:36:54,+0300,876408437814558724,yairnetanyahu,Yair Netanyahu ğŸ‡®ğŸ‡±,, https://t.co/qkEvY4Zn6V,und,[],[],['https://pbs.twimg.com/media/Ex4PeoFW8AoOswV.jpg'],62,44,685,[],[],https://twitter.com/YairNetanyahu/status/1377555560690810885,False,,1,https://pbs.twimg.com/media/Ex4PeoFW8AoOswV.jpg,,,,,,,[],,,,
1377553206474113028,1377542529697087489,2021-04-01 12:27:32 Jerusalem Daylight Time,2021-04-01,12:27:32,+0300,876408437814558724,yairnetanyahu,Yair Netanyahu ğŸ‡®ğŸ‡±,,@tzvisuccot ××•×œ×™ ××– ×”× ×œ× ×›××œ×” ×× ×©×™ ×™××™×Ÿ ××•×‘×”×§×™× ? .....,iw,[],[],[],4,0,13,[],[],https://twitter.com/YairNetanyahu/status/1377553206474113028,False,,0,,,,,,,,"[{'screen_name': 'tzvisuccot', 'name': '×¦×‘×™ ×¡×•×›×•×ª', 'id': '3897402303'}]",,,,
1377546928146296833,1377546928146296833,2021-04-01 12:02:35 Jerusalem Daylight Time,2021-04-01,12:02:35,+0300,876408437814558724,yairnetanyahu,Yair Netanyahu ğŸ‡®ğŸ‡±,,×¦×•×“×§×ª!,iw,[],[],[],34,27,605,[],[],https://twitter.com/YairNetanyahu/status/1377546928146296833,False,https://twitter.com/sbyifat/status/1249360963297521666,0,,,,,,,,[],,,,
1377539157329911814,1377534495621013506,2021-04-01 11:31:43 Jerusalem Daylight Time,2021-04-01,11:31:43,+0300,876408437814558724,yairnetanyahu,Yair Netanyahu ğŸ‡®ğŸ‡±,,"@DilmoniYigal ×œ× ×”×‘× ×ª×™, × ×¡×™×•×Ÿ ×œ×”×§×™× ×××©×œ×” ×‘×” ×¨×•×‘ ×”×—×‘×¨×™× ×”× ××¨×¦, ×”×¢×‘×•×“×” (×›×•×œ×œ ××™×‘×¡×ª×× ×××¨×× ×”), ×™×© ×¢×ª×™×“ ×•×œ×™×‘×¨××Ÿ , ×‘×ª××™×›×” ××‘×—×•×¥ ×©×œ ×”××©×•×ª×¤×ª- ×–×” ×œ× ×©×××œ?",iw,[],[],[],6,1,51,[],[],https://twitter.com/YairNetanyahu/status/1377539157329911814,False,,0,,,,,,,,"[{'screen_name': 'DilmoniYigal', 'name': 'Yigal Dilmoni ×™×’××œ ×“×™×œ××•× ×™', 'id': '3254430614'}]",,,,
1377537284749324291,1377537284749324291,2021-04-01 11:24:16 Jerusalem Daylight Time,2021-04-01,11:24:16,+0300,876408437814558724,yairnetanyahu,Yair Netanyahu ğŸ‡®ğŸ‡±,, https://t.co/AIeUCVtyAP,und,[],[],['https://pbs.twimg.com/media/Ex3-2qsWgAAjb-I.jpg'],44,19,364,[],[],https://twitter.com/YairNetanyahu/status/1377537284749324291,False,,1,https://pbs.twimg.com/media/Ex3-2qsWgAAjb-I.jpg,,,,,,,[],,,,
1377359902516019202,1377359902516019202,2021-03-31 23:39:25 Jerusalem Daylight Time,2021-03-31,23:39:25,+0300,876408437814558724,yairnetanyahu,Yair Netanyahu ğŸ‡®ğŸ‡±,,×•×•××œ×”! ×˜×•×‘ ×œ×“×¢×ª!,iw,[],[],[],44,52,693,[],[],https://twitter.com/YairNetanyahu/status/1377359902516019202,False,https://twitter.com/ayelet__shaked/status/1368267194841325568,0,,,,,,,,[],,,,
1377352912528019462,1377270588885114880,2021-03-31 23:11:38 Jerusalem Daylight Time,2021-03-31,23:11:38,+0300,876408437814558724,yairnetanyahu,Yair Netanyahu ğŸ‡®ğŸ‡±,,@AmichaiChikli @DouglasKMurray  https://t.co/vdHbbG2rhG,und,[],['https://twitter.com/ronen23/status/1377273709455679500?s=21'],[],0,0,5,[],[],https://twitter.com/YairNetanyahu/status/1377352912528019462,False,https://twitter.com/ronen23/status/1377273709455679500?s=21,0,,,,,,,,"[{'screen_name': 'AmichaiChikli', 'name': '×¢××™×—×™ ×©×™×§×œ×™', 'id': '1361639886697230339'}, {'screen_name': 'DouglasKMurray', 'name': 'Douglas Murray', 'id': '419520517'}]",,,,
1377352794454249472,1376449666963927041,2021-03-31 23:11:10 Jerusalem Daylight Time,2021-03-31,23:11:10,+0300,876408437814558724,yairnetanyahu,Yair Netanyahu ğŸ‡®ğŸ‡±,,@AlonDavidi  https://t.co/vdHbbGk2Gg,und,[],['https://twitter.com/ronen23/status/1377273709455679500?s=21'],[],1,4,18,[],[],https://twitter.com/YairNetanyahu/status/1377352794454249472,False,https://twitter.com/ronen23/status/1377273709455679500?s=21,0,,,,,,,,"[{'screen_name': 'AlonDavidi', 'name': 'Alon Davidi ××œ×•×Ÿ ×“×•×™×“×™', 'id': '1063022894496825345'}]",,,,
1377352676460007424,1376426161337724931,2021-03-31 23:10:42 Jerusalem Daylight Time,2021-03-31,23:10:42,+0300,876408437814558724,yairnetanyahu,Yair Netanyahu ğŸ‡®ğŸ‡±,,@Ayelet__Shaked  https://t.co/vdHbbG2rhG,und,[],['https://twitter.com/ronen23/status/1377273709455679500?s=21'],[],5,0,46,[],[],https://twitter.com/YairNetanyahu/status/1377352676460007424,False,https://twitter.com/ronen23/status/1377273709455679500?s=21,0,,,,,,,,"[{'screen_name': 'Ayelet__Shaked', 'name': '××™×™×œ×ª ×©×§×“ Ayelet Shaked', 'id': '949502250'}]",,,,
1377352599863652355,1376838946831937536,2021-03-31 23:10:24 Jerusalem Daylight Time,2021-03-31,23:10:24,+0300,876408437814558724,yairnetanyahu,Yair Netanyahu ğŸ‡®ğŸ‡±,,@naftalibennett  https://t.co/vdHbbG2rhG,und,[],['https://twitter.com/ronen23/status/1377273709455679500?s=21'],[],6,3,71,[],[],https://twitter.com/YairNetanyahu/status/1377352599863652355,False,https://twitter.com/ronen23/status/1377273709455679500?s=21,0,,,,,,,,"[{'screen_name': 'naftalibennett', 'name': 'Naftali Bennett ×‘× ×˜', 'id': '13197402'}]",,,,
1377352548571443202,1377352548571443202,2021-03-31 23:10:12 Jerusalem Daylight Time,2021-03-31,23:10:12,+0300,876408437814558724,yairnetanyahu,Yair Netanyahu ğŸ‡®ğŸ‡±,,ğŸš¨ğŸš¨ğŸš¨ğŸš¨ğŸš¨ğŸš¨ğŸš¨,und,[],[],[],12,22,354,[],[],https://twitter.com/YairNetanyahu/status/1377352548571443202,False,https://twitter.com/ronen23/status/1377273709455679500,0,,,,,,,,[],,,,
1377329922860064771,1377312541630726156,2021-03-31 21:40:17 Jerusalem Daylight Time,2021-03-31,21:40:17,+0300,876408437814558724,yairnetanyahu,Yair Netanyahu ğŸ‡®ğŸ‡±,,"@gidonsaar ×”×‘×˜×—×ª× ×’× ×©×œ× ×ª×©×‘×• ×¢× ××¨×¦ , ×•×©×œ× ×ª×ª××›×• ××‘×—×•×¥ ××”×¨×©×™××” ×”××©×•×ª×¤×ª. ×”×“×™×•×Ÿ ×¢×œ ××™ ×™×”×™×” ×¨××© ×”×œ×™×›×•×“ ×”×¡×ª×™×™× ×‘×¤×¨×™×™××¨×™×–   ×”××—×¨×•×Ÿ ×‘×™× ×š ×œ× ×ª× ×™×”×• ×‘×• ×”×•× ×§×™×‘×œ 75% ×ª××™×›×”. ×›××• ×©×”×œ×™×›×•×“ ×œ× ××›×ª×™×‘ ×œ×ª×§×•×•×” ×—×“×©×” ××™ ×™×”×™×” ×”×™×•×¨ (×œ××¨×•×ª ×©××¦×œ×›× ×œ× ×”×™×” ×¤×¨×™×™××¨×™×– ×œ×ª×¤×§×™×“), ××ª× ×œ× ×ª×§×‘×¢×• ×œ×œ×™×›×•×“. ×ª×•×“×”  https://t.co/kIKQMZPJdW",iw,[],[],['https://pbs.twimg.com/media/Ex1CQxdXMAIyqZD.jpg'],42,24,394,[],[],https://twitter.com/YairNetanyahu/status/1377329922860064771,False,,1,https://pbs.twimg.com/media/Ex1CQxdXMAIyqZD.jpg,,,,,,,"[{'screen_name': 'gidonsaar', 'name': ""Gideon Sa'ar | ×’×“×¢×•×Ÿ ×¡×¢×¨"", 'id': '57535118'}]",,,,
1377326392262660104,1377316343133929478,2021-03-31 21:26:16 Jerusalem Daylight Time,2021-03-31,21:26:16,+0300,876408437814558724,yairnetanyahu,Yair Netanyahu ğŸ‡®ğŸ‡±,,"@Ofer_Hadad ××” ×”×§×©×¨ ××•×¤×–? ×”×œ×™×›×•×“ ×‘×™×ª× ×• ×œ×™×‘×¨××Ÿ ×¤×™×¨×§ ×‘××¡×™×‘×ª ×¢×™×ª×•× ××™× ×‘×©×™×“×•×¨ ×—×™. ×¨×•×˜×¦×™×” ×¢× ×’× ×¥ ×”×™×™×ª×” ××ª×§×™×™××ª ×× ×›×—×•×œ ×œ×‘×Ÿ ×œ× ×”×™×• ××¤×™×¨×™× ×©×•×‘ ×•×©×•×‘ ××ª ×”×”×¡×›× ×”×§×•××œ×™×¦×™×•× ×™ (×—×•×§ ×”×”××¨×”, ×›×™× ×•×¡ ×•×•×¢×“×” ×œ××™× ×•×™ ×©×•×¤×˜×™×, ×›×™× ×•×¡ ×•×•×¢×“×” ×œ×¤×¨×§×œ×™×˜ ×”××“×™× ×”, ×¦×•×œ×œ×•×ª ×•×›×•) ×•×× ×›×—×•×œ ×œ×‘×Ÿ ×‘×¢×¦××” ×œ× ×”×™×™×ª×” ××¤×™×œ×” ××ª ×”×××©×œ×” ×•×”×›× ×¡×ª.",iw,[],[],[],12,13,183,[],[],https://twitter.com/YairNetanyahu/status/1377326392262660104,False,,0,,,,,,,,"[{'screen_name': 'Ofer_Hadad', 'name': '×¢×•×¤×¨ ×—×“×“ Ofer Hadad', 'id': '1683732097'}]",,,,
1377322991487496192,1377306971502735369,2021-03-31 21:12:45 Jerusalem Daylight Time,2021-03-31,21:12:45,+0300,876408437814558724,yairnetanyahu,Yair Netanyahu ğŸ‡®ğŸ‡±,,@baruchikra  https://t.co/Rmfl81IwIz,und,[],['https://twitter.com/giladzw/status/1377318927265595396?s=21'],[],2,1,52,[],[],https://twitter.com/YairNetanyahu/status/1377322991487496192,False,https://twitter.com/giladzw/status/1377318927265595396?s=21,0,,,,,,,,"[{'screen_name': 'baruchikra', 'name': '×‘×¨×•×š ×§×¨×', 'id': '3085601286'}]",,,,
1377322199615422465,1377321740003647488,2021-03-31 21:09:36 Jerusalem Daylight Time,2021-03-31,21:09:36,+0300,876408437814558724,yairnetanyahu,Yair Netanyahu ğŸ‡®ğŸ‡±,,@RyanAFournier ğŸ”¥ğŸ”¥ğŸ”¥ğŸ”¥ğŸ”¥ğŸ”¥ğŸ”¥ğŸ”¥,und,[],[],[],3,0,48,[],[],https://twitter.com/YairNetanyahu/status/1377322199615422465,False,,0,,,,,,,,"[{'screen_name': 'RyanAFournier', 'name': 'Ryan Fournier', 'id': '166751745'}]",,,,
1377321651130486791,1377318566077194240,2021-03-31 21:07:25 Jerusalem Daylight Time,2021-03-31,21:07:25,+0300,876408437814558724,yairnetanyahu,Yair Netanyahu ğŸ‡®ğŸ‡±,,"@michellemalkin Michelle why no? I got the vaccine , and im all good! Itâ€™ll probably be once a year, like the flu vaccines are for decades now. Whatâ€™s the big deal? Now in Israel we went back to normal like before 2019! everything is open! including clubs, sport events , concerts etc.",en,[],[],[],74,1,31,[],[],https://twitter.com/YairNetanyahu/status/1377321651130486791,False,,0,,,,,,,,"[{'screen_name': 'michellemalkin', 'name': 'Michelle Malkin', 'id': '15976697'}]",,,,
1377305383962824705,1377305383962824705,2021-03-31 20:02:47 Jerusalem Daylight Time,2021-03-31,20:02:47,+0300,876408437814558724,yairnetanyahu,Yair Netanyahu ğŸ‡®ğŸ‡±,,×œ××™×©×”×• ×™×© ×”×¡×‘×¨ ×œ×”×œ×™×š ×”×”×§×¦× ×” ×©×¢×•×‘×¨ ×¢×œ ×™×¨×•×Ÿ ××‘×¨×”× ×•×“×¤× ×” ×œ×™××œ ×‘×©× ×” ×”××—×¨×•× ×”? ×¤×¢× ×”× ×œ× ×”×™×• ×›××œ×” ×× ×™ ×—×™×™×‘ ×œ×”×’×™×“ ×œ×–×›×•×ª×....,iw,[],[],[],150,30,1026,[],[],https://twitter.com/YairNetanyahu/status/1377305383962824705,False,,0,,,,,,,,[],,,,
1377300687743246342,1377262483245826049,2021-03-31 19:44:07 Jerusalem Daylight Time,2021-03-31,19:44:07,+0300,876408437814558724,yairnetanyahu,Yair Netanyahu ğŸ‡®ğŸ‡±,,@AvMVgfNw3Mpa2Ar @Judeoespanol ğŸ‘€,und,[],[],[],3,1,5,[],[],https://twitter.com/YairNetanyahu/status/1377300687743246342,False,,0,,,,,,,,"[{'screen_name': 'AvMVgfNw3Mpa2Ar', 'name': 'ğŸ’‰ğŸ’‰×™×× ×™×ª ××œ×™×“×”', 'id': '1329314597946470400'}, {'screen_name': 'Judeoespanol', 'name': 'JudeoespaÃ±ol ğŸ‡®ğŸ‡±', 'id': '3371666174'}]",,,,
1377296642760663047,1377296642760663047,2021-03-31 19:28:03 Jerusalem Daylight Time,2021-03-31,19:28:03,+0300,876408437814558724,yairnetanyahu,Yair Netanyahu ğŸ‡®ğŸ‡±,,×ª×§×©×•×¨×ª ×”×©×××œ ×•×‘× ×˜ :)  https://t.co/Gr0kirrVfo,iw,[],[],['https://pbs.twimg.com/media/Ex0j_mPXIAEykUP.jpg'],20,28,419,[],[],https://twitter.com/YairNetanyahu/status/1377296642760663047,False,,1,https://pbs.twimg.com/media/Ex0j_mPXIAEykUP.jpg,,,,,,,[],,,,
1377262769662218244,1377204810475274242,2021-03-31 17:13:27 Jerusalem Daylight Time,2021-03-31,17:13:27,+0300,876408437814558724,yairnetanyahu,Yair Netanyahu ğŸ‡®ğŸ‡±,,"@gantzbe ×”×©×•×ª×¤×™× ×œ×¤×©×¢ ×”×™×—×™×“×™× ×–×” ××ª×” ×•×”×—×‘×¨×™× ×©×œ×š ×©×’×–×œ×ª× ×××©×œ× ×”××¡×™× ××œ×™×•× ×™ ×©×§×œ×™×  ×‘×¤×¨×©×ª ×”××™××“ ×”×—××™×©×™, ×¢×œ ××•×¦×¨ ×©×œ× ×§×™×™×! ×¢×•×“ ×”×’×“×œ×ª× ×œ×¢×©×•×ª ×•××ª ××™×“×¢ ×”×¡×™×™×‘×¨ ×¢×œ ××–×¨×—×™ ×™×©×¨××œ  ×©×§×™×‘×œ×ª× ×‘×¢×¡×§×” ××”××©×˜×¨×”, ×”×¢×‘×¨×ª× ×œ××©×¨×“ ×”×”×’× ×” ×©×œ ××¢×¦××” ×–×¨×”!",iw,[],[],[],19,16,254,[],[],https://twitter.com/YairNetanyahu/status/1377262769662218244,False,,0,,,,,,,,"[{'screen_name': 'gantzbe', 'name': '×‘× ×™ ×’× ×¥ - Benny Gantz', 'id': '1082167187006242817'}]",,,,
1377250934137491458,1377247135444373506,2021-03-31 16:26:25 Jerusalem Daylight Time,2021-03-31,16:26:25,+0300,876408437814558724,yairnetanyahu,Yair Netanyahu ğŸ‡®ğŸ‡±,,@arik3000  https://t.co/ZlMQNjPh7T,und,[],['https://twitter.com/akibigman/status/1377222255101538307?s=21'],[],2,1,16,[],[],https://twitter.com/YairNetanyahu/status/1377250934137491458,False,https://twitter.com/akibigman/status/1377222255101538307?s=21,0,,,,,,,,"[{'screen_name': 'arik3000', 'name': 'Ariel Kahana ××¨×™××œ ×›×”× ×', 'id': '187203578'}]",,,,
1377243507379863557,1377243507379863557,2021-03-31 15:56:54 Jerusalem Daylight Time,2021-03-31,15:56:54,+0300,876408437814558724,yairnetanyahu,Yair Netanyahu ğŸ‡®ğŸ‡±,,"In my view, â€œIsraeliâ€ channel 12 is one of the media propaganda tools that caused the most damage in history to the Jewish people.",en,[],[],[],62,40,557,[],[],https://twitter.com/YairNetanyahu/status/1377243507379863557,False,,0,,,,,,,,[],,,,
1377236223014674435,1374816329040019456,2021-03-31 15:27:58 Jerusalem Daylight Time,2021-03-31,15:27:58,+0300,876408437814558724,yairnetanyahu,Yair Netanyahu ğŸ‡®ğŸ‡±,,@Yanivhelf @LeviYonit ×”× ×” ×¢×•×“ ×ª×–×›×•×¨×ª!  https://t.co/CXfMFWshrg,iw,[],['https://twitter.com/ronen23/status/1377235099448659970?s=21'],[],2,6,54,[],[],https://twitter.com/YairNetanyahu/status/1377236223014674435,False,https://twitter.com/ronen23/status/1377235099448659970?s=21,0,,,,,,,,"[{'screen_name': 'Yanivhelf', 'name': 'Yanivhelf', 'id': '15419286'}, {'screen_name': 'LeviYonit', 'name': 'Yonit Levi', 'id': '2614040508'}]",,,,
1377231381957345280,1377192858847956992,2021-03-31 15:08:43 Jerusalem Daylight Time,2021-03-31,15:08:43,+0300,876408437814558724,yairnetanyahu,Yair Netanyahu ğŸ‡®ğŸ‡±,,@BarakRavid  https://t.co/ZlMQNjPh7T,und,[],['https://twitter.com/akibigman/status/1377222255101538307?s=21'],[],1,0,76,[],[],https://twitter.com/YairNetanyahu/status/1377231381957345280,False,https://twitter.com/akibigman/status/1377222255101538307?s=21,0,,,,,,,,"[{'screen_name': 'BarakRavid', 'name': 'Barak Ravid', 'id': '302971361'}]",,,,
1377222040541859842,1376952722084233218,2021-03-31 14:31:36 Jerusalem Daylight Time,2021-03-31,14:31:36,+0300,876408437814558724,yairnetanyahu,Yair Netanyahu ğŸ‡®ğŸ‡±,,@ivri99  https://t.co/SxUraZwQxu,und,[],['https://twitter.com/ronen23/status/1376957328499605520?s=21'],[],0,2,22,[],[],https://twitter.com/YairNetanyahu/status/1377222040541859842,False,https://twitter.com/ronen23/status/1376957328499605520?s=21,0,,,,,,,,"[{'screen_name': 'ivri99', 'name': 'Avishai Ivri', 'id': '917048486'}]",,,,
1377208555384807428,1377208555384807428,2021-03-31 13:38:01 Jerusalem Daylight Time,2021-03-31,13:38:01,+0300,876408437814558724,yairnetanyahu,Yair Netanyahu ğŸ‡®ğŸ‡±,,×”×××× ××¢× ×™×™×Ÿ ×œ××” ×× ×›×œ ×”×§×¨×Ÿ ×”×—×“×©×” ×›×œ-×›×š ×¨×•×¦×” ××ª ×”×´×™××™×Ÿ ××©×™××™×Ÿ ×œ×™××™×Ÿ×´ ×‘× ×˜.... ×ª×¢×œ×•××”....,iw,[],[],[],34,30,335,[],[],https://twitter.com/YairNetanyahu/status/1377208555384807428,False,https://twitter.com/akibigman/status/1377146285845663744,0,,,,,,,,[],,,,
1376960488446246913,1376960488446246913,2021-03-30 21:12:17 Jerusalem Daylight Time,2021-03-30,21:12:17,+0300,876408437814558724,yairnetanyahu,Yair Netanyahu ğŸ‡®ğŸ‡±,,×××•×“ ××¢× ×™×™×Ÿ ×”×©×™×ª×•×£ ×¤×¢×•×œ×” ×‘×™×Ÿ ××”×•×“ ×‘×¨×§ ×œ××œ×’×³×–×™×¨×” 12....××¡×‘×™×¨ ×”×¨×‘×” ×”×¨×‘×” ×”×¨×‘×” ×“×‘×¨×™×.... ×× ×™ ×‘×˜×•×— ×©×¨×‘ ×”× ×¡×ª×¨ ×©× ×¢×œ ×”×’×œ×•×™.... ğŸ¤«,iw,[],[],[],126,59,1329,[],[],https://twitter.com/YairNetanyahu/status/1376960488446246913,False,,0,,,,,,,,[],,,,
1376952447307022344,1376952447307022344,2021-03-30 20:40:20 Jerusalem Daylight Time,2021-03-30,20:40:20,+0300,876408437814558724,yairnetanyahu,Yair Netanyahu ğŸ‡®ğŸ‡±,,"××©××— ×©×ª×¢×§×‘×• ××—×¨×™ ×”×¡×¨×˜×•× ×™× ×©×œ×™ ×’× ×‘ Rumble! ×–×” ×›××• ×™×•×˜×™×•×‘, ×¨×§ ×‘×œ×™ ×¦× ×–×•×¨×”! ×”×•×¨×™×“×• ×›×‘×¨ ×¢×›×©×™×• ××ª ×”××¤×œ×™×§×¦×™×”!  Please follow my videos also on Rumble! Itâ€™s like YouTube but without censorship!   https://t.co/ITXhk8n0X9  https://t.co/emas3A4Shg",und,[],['https://rumble.com/user/YairNetanyahu'],['https://pbs.twimg.com/media/Exvq83yXMAMSupk.jpg'],10,9,152,[],[],https://twitter.com/YairNetanyahu/status/1376952447307022344,False,,1,https://pbs.twimg.com/media/Exvq83yXMAMSupk.jpg,,,,,,,[],,,,
1376917612689510406,1376917612689510406,2021-03-30 18:21:55 Jerusalem Daylight Time,2021-03-30,18:21:55,+0300,876408437814558724,yairnetanyahu,Yair Netanyahu ğŸ‡®ğŸ‡±,, https://t.co/V7pU2QY1cm,und,[],['https://mida.org.il/2018/06/12/%D7%9B%D7%9E%D7%99%D7%9C%D7%99%D7%95%D7%9F-%D7%A9%D7%A7%D7%9C-%D7%9C%D7%91%D7%95%D7%92%D7%A8/'],[],15,46,291,[],[],https://twitter.com/YairNetanyahu/status/1376917612689510406,False,,0,,,,,,,,[],,,,
1376917428458958856,1376831614257356802,2021-03-30 18:21:11 Jerusalem Daylight Time,2021-03-30,18:21:11,+0300,876408437814558724,yairnetanyahu,Yair Netanyahu ğŸ‡®ğŸ‡±,,@mobinsaud Wishing you a speedy recovery!,en,[],[],[],3,3,129,[],[],https://twitter.com/YairNetanyahu/status/1376917428458958856,False,,0,,,,,,,,"[{'screen_name': 'mobinsaud', 'name': 'Ù…Ø­Ù…Ø¯ Ø³Ø¹ÙˆØ¯ Mohammed Saud', 'id': '1332952510823329792'}]",,,,
1376872958640152583,1376872956803039238,2021-03-30 15:24:29 Jerusalem Daylight Time,2021-03-30,15:24:29,+0300,876408437814558724,yairnetanyahu,Yair Netanyahu ğŸ‡®ğŸ‡±,,&gt;&gt;×•×’× ×œ×”×’×™×© × ×’×“× ×ª×œ×•× ×” ×‘××©×˜×¨×”!,iw,[],[],[],12,6,213,[],[],https://twitter.com/YairNetanyahu/status/1376872958640152583,False,,0,,,,,,,,[],,,,
1376872956803039238,1376872956803039238,2021-03-30 15:24:28 Jerusalem Daylight Time,2021-03-30,15:24:28,+0300,876408437814558724,yairnetanyahu,Yair Netanyahu ğŸ‡®ğŸ‡±,,"×”×”×¡×ª×” ×©×œ ×”××¨×’×•×Ÿ ×”××¡×•×›×Ÿ ×”×–×” ×œ× ×™×•×“×¢×ª ×’×‘×•×œ×•×ª. ××—×¨×™ ×©××—×“ ×××™×™×¡×“×™×” ×—×™×™× ×©××“××™ ×§×¨× ×œ×¨×¦×•×— ××•×ª×™, ×›×¢×ª ×”××¨×’×•×Ÿ ××“××™×™×Ÿ ×¢×•×œ× ×‘×• ×× ×™ ×•××©×¤×—×ª×™ ×œ× ×§×™×™××™× ×‘×•! ×”×”×¡×ª×” ×©×œ×”× ×‘×©× ×” ×”××—×¨×•× ×” ×ª×’××¨ ×‘×¨×¦×—! - ×”×¤×¨×§×œ×™×˜×•×ª, ×”××©×˜×¨×”, ×•×¤×™×™×¡×‘×•×§ ×¢×•××“×™× ×‘×¦×“ ×•×œ× ×¤×•×¢×œ×™× ×›× ×’×“×! ×§×•×¨× ×œ×›×•×œ× ×’×  ×œ×“×•×•×— ×œ×¤×™×™×¡×‘×•×§ ×¢×œ ×”×¢××•×“, &gt;&gt;  https://t.co/65VwbBqfrY",iw,[],[],['https://pbs.twimg.com/media/Exuip7OWUAMFtfO.jpg'],90,77,818,[],[],https://twitter.com/YairNetanyahu/status/1376872956803039238,False,,1,https://pbs.twimg.com/media/Exuip7OWUAMFtfO.jpg,,,,,,,[],,,,
1376599539801526273,1376599487104356353,2021-03-29 21:18:00 Jerusalem Daylight Time,2021-03-29,21:18:00,+0300,876408437814558724,yairnetanyahu,Yair Netanyahu ğŸ‡®ğŸ‡±,,×§×¨×“×™×˜: @nachi_z9,iw,"[{'screen_name': 'nachi_z9', 'name': '× ×—×™ ×–××‘×™', 'id': '1036847960871587840'}]",[],[],4,1,118,[],[],https://twitter.com/YairNetanyahu/status/1376599539801526273,False,,0,,,,,,,,[],,,,
1376599487104356353,1376599487104356353,2021-03-29 21:17:48 Jerusalem Daylight Time,2021-03-29,21:17:48,+0300,876408437814558724,yairnetanyahu,Yair Netanyahu ğŸ‡®ğŸ‡±,,"×ª×–×›×•×¨×ª: ×—×‘×¨ ×‘×›×™×¨ ×‘×§×•××œ×™×¦×™×™×ª ×”""×©×™× ×•×™"" ×©×œ ×œ×¤×™×“, ×¡×¢×¨ ×•××•×œ×™ ×‘× ×˜,  (××™×™××Ÿ ×¢×•×“××”), ××“×‘×¨ ×‘×¨×’×¢ ×©×œ ×’×™×œ×•×™ ×œ×‘, ××“×•×¢ ×›×œ ×›×š ×“×—×•×£ ×œ×• ×œ×”×—×œ×™×£ ××ª × ×ª× ×™×”×•.  https://t.co/5GckMakDqH",iw,[],[],[],62,121,893,[],[],https://twitter.com/YairNetanyahu/status/1376599487104356353,False,,1,https://pbs.twimg.com/ext_tw_video_thumb/1376599453575045125/pu/img/sFkqwOvYBddRJxvH.jpg,,,,,,,[],,,,
1376594661914083328,1376594661914083328,2021-03-29 20:58:37 Jerusalem Daylight Time,2021-03-29,20:58:37,+0300,876408437814558724,yairnetanyahu,Yair Netanyahu ğŸ‡®ğŸ‡±,,×¢×§×‘×• ××—×¨×™ ×’× ×‘×˜×œ×’×¨×!  Follow me also on Telegram!     https://t.co/GYeTb7EWSx,und,[],['https://t.me/yairnetan'],[],16,13,183,[],[],https://twitter.com/YairNetanyahu/status/1376594661914083328,False,,0,,,,,,,,[],,,,
1376537306144854020,1376537306144854020,2021-03-29 17:10:43 Jerusalem Daylight Time,2021-03-29,17:10:43,+0300,876408437814558724,yairnetanyahu,Yair Netanyahu ğŸ‡®ğŸ‡±,, https://t.co/fFx1w9Tm06,und,[],['https://mida.org.il/2016/08/16/%D7%92%D7%95%D7%A8%D7%92-%D7%A1%D7%95%D7%A8%D7%95%D7%A1-%D7%9E%D7%99%D7%9C%D7%99%D7%90%D7%A8%D7%93%D7%A8-%D7%91%D7%A9%D7%99%D7%A8%D7%95%D7%AA-%D7%90%D7%95%D7%99%D7%91%D7%99-%D7%99%D7%A9%D7%A8%D7%90/'],[],43,57,483,[],[],https://twitter.com/YairNetanyahu/status/1376537306144854020,False,,0,,,,,,,,[],,,,
1376491466525179907,1376487517902495744,2021-03-29 14:08:34 Jerusalem Daylight Time,2021-03-29,14:08:34,+0300,876408437814558724,yairnetanyahu,Yair Netanyahu ğŸ‡®ğŸ‡±,,@OrakelMoor ××” ×–×”?,iw,[],[],[],6,1,10,[],[],https://twitter.com/YairNetanyahu/status/1376491466525179907,False,,0,,,,,,,,"[{'screen_name': 'OrakelMoor', 'name': 'Orakel ××•×¨×§×œ - ×”×©×××œ ××•×ª×• ×©×××œ ×‘×›×œ ×”×¢×•×œ×', 'id': '962400631142207498'}]",,,,
1376487517902495744,1376487517902495744,2021-03-29 13:52:52 Jerusalem Daylight Time,2021-03-29,13:52:52,+0300,876408437814558724,yairnetanyahu,Yair Netanyahu ğŸ‡®ğŸ‡±,,ğŸš¨ğŸš¨ğŸš¨ğŸš¨ğŸš¨ğŸš¨,und,[],[],[],20,18,234,[],[],https://twitter.com/YairNetanyahu/status/1376487517902495744,False,https://twitter.com/michael_dvorin/status/1376438561835249664,0,,,,,,,,[],,,,
1376227299117445121,1376227299117445121,2021-03-28 20:38:51 Jerusalem Daylight Time,2021-03-28,20:38:51,+0300,876408437814558724,yairnetanyahu,Yair Netanyahu ğŸ‡®ğŸ‡±,, https://t.co/tZ1JWcTNkr,und,[],[],"['https://pbs.twimg.com/media/ExlXbn4WgAAtc7y.jpg', 'https://pbs.twimg.com/media/ExlXbn7WEAoRIrE.jpg', 'https://pbs.twimg.com/media/ExlXbn0WgAoa7O8.jpg']",43,42,571,[],[],https://twitter.com/YairNetanyahu/status/1376227299117445121,False,,1,https://pbs.twimg.com/media/ExlXbn4WgAAtc7y.jpg,,,,,,,[],,,,
1376212858736885760,1376161512952315910,2021-03-28 19:41:28 Jerusalem Daylight Time,2021-03-28,19:41:28,+0300,876408437814558724,yairnetanyahu,Yair Netanyahu ğŸ‡®ğŸ‡±,,@AvigdorLiberman  https://t.co/nHA1SLKTiL,und,[],['https://twitter.com/arutz20/status/1374804481481801731?s=21'],[],4,10,132,[],[],https://twitter.com/YairNetanyahu/status/1376212858736885760,False,https://twitter.com/arutz20/status/1374804481481801731?s=21,0,,,,,,,,"[{'screen_name': 'AvigdorLiberman', 'name': '××‘×™×’×“×•×¨ ×œ×™×‘×¨××Ÿ', 'id': '216256233'}]",,,,
1376205319882338307,1376205319882338307,2021-03-28 19:11:31 Jerusalem Daylight Time,2021-03-28,19:11:31,+0300,876408437814558724,yairnetanyahu,Yair Netanyahu ğŸ‡®ğŸ‡±,,××©××— ×©×ª×¨×©××• ×›×× ×•×™×™× ×œ×¢×¨×•×¥ ×”×™×•×˜×™×•×‘ ×©×œ×™. Please subscribe to my YouTube channel.    https://t.co/IibscLVdXB,und,[],['https://youtube.com/c/YairNetanyahuTV'],[],17,26,289,[],[],https://twitter.com/YairNetanyahu/status/1376205319882338307,False,,0,,,,,,,,[],,,,
1375779125437284352,1375779125437284352,2021-03-27 14:57:58 Jerusalem Daylight Time,2021-03-27,14:57:58,+0300,876408437814558724,yairnetanyahu,Yair Netanyahu ğŸ‡®ğŸ‡±,,ğŸ¤£ğŸ¤£ğŸ¤£ğŸ¤£,und,[],[],[],31,21,443,[],[],https://twitter.com/YairNetanyahu/status/1375779125437284352,False,https://twitter.com/TalOr314/status/1375776462838624266,0,,,,,,,,[],,,,
1375763793234571264,1375763793234571264,2021-03-27 13:57:03 Jerusalem Daylight Time,2021-03-27,13:57:03,+0300,876408437814558724,yairnetanyahu,Yair Netanyahu ğŸ‡®ğŸ‡±,, https://t.co/pGws0CdDnI,und,[],[],['https://pbs.twimg.com/media/Exex4E4WUAM71Rs.jpg'],74,95,983,[],[],https://twitter.com/YairNetanyahu/status/1375763793234571264,False,,1,https://pbs.twimg.com/media/Exex4E4WUAM71Rs.jpg,,,,,,,[],,,,
1375506592469110784,1375506592469110784,2021-03-26 20:55:01 Jerusalem Daylight Time,2021-03-26,20:55:01,+0300,876408437814558724,yairnetanyahu,Yair Netanyahu ğŸ‡®ğŸ‡±,,"×‘×¡×¤×¨ ×”×“×™×¡×˜×•×¤×™ ×´1984×´ ×©×œ ×’×³×•×¨×’×³ ××•×¨×•×•×œ, ×›×ª×•×‘ ×©×›×“×™ ×œ×©×˜×•×£ ××ª ×”××•×— ×©×œ ×”××–×¨×—×™×, ×”×“×™×§×˜×˜×•×¨×” ××§×¨×™× ×” ×œ××–×¨×—×™× ×›×œ ×™×•×, ×¤×¢× ×‘×™×•×, ×©×“×¨×Ÿ ×©××•××¨ ×©×•×‘ ×•×©×•×‘: ×´×ª×©× ××•,×ª×©× ××•, ×ª×©× ××•!!!×´, ×¢×œ ××“× ××—×“ ×¡×¤×¦×™×¤×™, ×”××”×•×•×” ××ª ××•×™×‘ ×”××¢×¨×›×ª.... ××–×›×™×¨ ×œ×›× ×§×¦×ª ××ª ×¢×¨×•×¦×™ ×”×˜×œ×•×•×™×–×™×” ×‘×™×©×¨××œ ×•×”×™×—×¡ ×œ× ×ª× ×™×”×•?  https://t.co/5WzsoDCmJ8",iw,[],[],['https://pbs.twimg.com/media/ExbH8-7WgAIV4DW.jpg'],133,82,871,[],[],https://twitter.com/YairNetanyahu/status/1375506592469110784,False,,1,https://pbs.twimg.com/media/ExbH8-7WgAIV4DW.jpg,,,,,,,[],,,,
1375439249709752322,1375201894717603844,2021-03-26 16:27:26 Jerusalem Daylight Time,2021-03-26,16:27:26,+0300,876408437814558724,yairnetanyahu,Yair Netanyahu ğŸ‡®ğŸ‡±,,@Ofer_Hadad ×›×Ÿ ××”?  https://t.co/q78TGT3zDR,iw,[],['https://twitter.com/ofiroshr/status/1374682279038042114?s=21'],[],4,1,33,[],[],https://twitter.com/YairNetanyahu/status/1375439249709752322,False,https://twitter.com/ofiroshr/status/1374682279038042114?s=21,0,,,,,,,,"[{'screen_name': 'Ofer_Hadad', 'name': '×¢×•×¤×¨ ×—×“×“ Ofer Hadad', 'id': '1683732097'}]",,,,
1375435062129397768,1375432396984745986,2021-03-26 16:10:47 Jerusalem Daylight Time,2021-03-26,16:10:47,+0300,876408437814558724,yairnetanyahu,Yair Netanyahu ğŸ‡®ğŸ‡±,,@YaaraZered ×—×’ ×©××—! â¤ï¸,iw,[],[],[],14,1,238,[],[],https://twitter.com/YairNetanyahu/status/1375435062129397768,False,,0,,,,,,,,"[{'screen_name': 'YaaraZered', 'name': 'Yaara Zered ×™×¢×¨×” ×–×¨×“', 'id': '759652706'}]",,,,
1375425038120280072,1375425038120280072,2021-03-26 15:30:57 Jerusalem Daylight Time,2021-03-26,15:30:57,+0300,876408437814558724,yairnetanyahu,Yair Netanyahu ğŸ‡®ğŸ‡±,,×œ××” ×–×” ×œ× ××ª×¤×™×¢....,iw,[],[],[],78,45,578,[],[],https://twitter.com/YairNetanyahu/status/1375425038120280072,False,https://twitter.com/RotterNet/status/1375424433196826625,0,,,,,,,,[],,,,
1375424015402164234,1375199724450504710,2021-03-26 15:26:54 Jerusalem Daylight Time,2021-03-26,15:26:54,+0300,876408437814558724,yairnetanyahu,Yair Netanyahu ğŸ‡®ğŸ‡±,,"@BarashiKinneret ×©××ª×™ ×œ×‘ ×‘×©× ×” ×”××—×¨×•× ×” ×œ×ª×•×¤×¢×” ××•×–×¨×” ××¦×œ ×”×©×××œ. ×›×›×œ ×©×”× ×™×•×ª×¨ ××‘×•×’×¨×™× ×›×›×” ×”× ×™×•×ª×¨ ××§×œ×œ×™×, ××œ×™××™× ×•×’×¡×™×. ×–×” ××¨××” ×¢×œ ×ª×•×¤×¢×” ×™×—×•×“×™×ª ×œ×”× ×•×”×¤×•×›×” ××›×œ ×©××¨ ×”×× ×•×©×•×ª.",iw,[],[],[],37,10,461,[],[],https://twitter.com/YairNetanyahu/status/1375424015402164234,False,,0,,,,,,,,"[{'screen_name': 'BarashiKinneret', 'name': 'Kinneret Barashi', 'id': '1207039513215811586'}]",,,,
1375421999934230529,1375109238465433601,2021-03-26 15:18:53 Jerusalem Daylight Time,2021-03-26,15:18:53,+0300,876408437814558724,yairnetanyahu,Yair Netanyahu ğŸ‡®ğŸ‡±,,@GadiTaub1 @Efratrayten1 *×¤××™× ×”. ×•×’× ×¡×˜×¡ ××™×–×©× ×™×§×•×‘,iw,[],[],[],0,0,51,[],[],https://twitter.com/YairNetanyahu/status/1375421999934230529,False,,0,,,,,,,,"[{'screen_name': 'GadiTaub1', 'name': 'Gadi Taub', 'id': '915228174480547840'}, {'screen_name': 'Efratrayten1', 'name': 'Efrat Rayten ××¤×¨×ª ×¨×™×™×˜×Ÿ', 'id': '835367457523118080'}]",,,,
1375416314139971590,1375109238465433601,2021-03-26 14:56:17 Jerusalem Daylight Time,2021-03-26,14:56:17,+0300,876408437814558724,yairnetanyahu,Yair Netanyahu ğŸ‡®ğŸ‡±,,@GadiTaub1 @Efratrayten1 ×©×›×—×ª ×’× ××ª ×œ×•×—× ×”×©×—×™×ª×•×ª ×”×’×“×•×œ ×œ×™×‘×¨××Ÿ ×•×—×‘×¨×ª×• ×¤×˜×™× ×” ×§×™×¨×©× ×‘××•×! ğŸ¤£ğŸ¤£ğŸ¤£,iw,[],[],[],16,7,528,[],[],https://twitter.com/YairNetanyahu/status/1375416314139971590,False,,0,,,,,,,,"[{'screen_name': 'GadiTaub1', 'name': 'Gadi Taub', 'id': '915228174480547840'}, {'screen_name': 'Efratrayten1', 'name': 'Efrat Rayten ××¤×¨×ª ×¨×™×™×˜×Ÿ', 'id': '835367457523118080'}]",,,,
1375142036018434054,1375142036018434054,2021-03-25 19:46:24 Jerusalem Standard Time,2021-03-25,19:46:24,+0300,876408437814558724,yairnetanyahu,Yair Netanyahu ğŸ‡®ğŸ‡±,,"××©××— ×× ×ª×•×›×œ×• ×œ×“×•×•×— ×œ×˜×•×•×™×˜×¨ ×¢×œ ×”×—×©×‘×•×Ÿ ×”××–×•×™×£ ×”×–×” ×©××ª×—×–×” ××œ×™. ×›××• ×›×Ÿ, ×”×× ×™×© ×“×¨×š ×—×•×§×™×ª ×“×¨×š ××©×˜×¨×” ××• ×‘×™×ª ××©×¤×˜, ×‘×” × ×™×ª×Ÿ ×œ×—×™×™×‘ ×œ×—×©×•×£ ××™ ×¢×•××“ ×××—×•×¨×™ ×”×—×©×‘×•×Ÿ? (×¢×‘×™×¨×” ×¤×œ×™×œ×™×ª ×œ×¤×™ ×—×•×§ ×”×¢×•× ×©×™×Ÿ ×©×œ ×”×ª×—×–×•×ª).  https://t.co/sWDD4L3FDs",iw,[],['https://twitter.com/yairnehtanyahu?s=21'],[],126,43,641,[],[],https://twitter.com/YairNetanyahu/status/1375142036018434054,False,,0,,,,,,,,[],,,,
1375140082076770305,1375128677453811719,2021-03-25 19:38:39 Jerusalem Standard Time,2021-03-25,19:38:39,+0300,876408437814558724,yairnetanyahu,Yair Netanyahu ğŸ‡®ğŸ‡±,,@InbarBezek ×ª×©×ª×¤×™ ×•××ª×‘×¢ ×‘×©××—×”,iw,[],[],[],6,2,59,[],[],https://twitter.com/YairNetanyahu/status/1375140082076770305,False,,0,,,,,,,,"[{'screen_name': 'InbarBezek', 'name': 'ğŸŸ  Inbar Bezek ğŸŸ ', 'id': '4745376089'}]",,,,
1375128677453811719,1375128677453811719,2021-03-25 18:53:20 Jerusalem Standard Time,2021-03-25,18:53:20,+0300,876408437814558724,yairnetanyahu,Yair Netanyahu ğŸ‡®ğŸ‡±,,"×›×œ ×©×™××•×© ×‘×¦×™×œ×•× ××¡×š ×”××–×•×™×£ (×‘×¨×©×œ× ×•×ª) ×”×–×” ××”×•×•×” ×œ× ×¨×§ ×¢×™×œ×” ×œ×ª×‘×™×¢×ª ×“×™×‘×”, ××œ× ×’× ×¢×™×œ×” ×œ×§×•×‘×œ× ×” ×¤×œ×™×œ×™×ª ×¢×œ ×¡×¢×™×£ ×‘×—×•×§ ×”×¢×•× ×©×™×Ÿ ×©×œ ×”×ª×—×–×•×ª. ×× ×™ ××¢×•×œ× ×œ× ×›×ª×‘×ª×™ ×•×œ× ×¦×™×™×¦×ª×™ ×–××ª.",iw,[],[],[],80,60,678,[],[],https://twitter.com/YairNetanyahu/status/1375128677453811719,False,https://twitter.com/LiberalRiWo/status/1375123245783977987,0,,,,,,,,[],,,,
1375116080805449729,1375116080805449729,2021-03-25 18:03:16 Jerusalem Standard Time,2021-03-25,18:03:16,+0300,876408437814558724,yairnetanyahu,Yair Netanyahu ğŸ‡®ğŸ‡±,,"×‘×›×œ ×”×”×™×¡×˜×•×¨×™×” ×”××•×“×¨× ×™×ª, ×”×™×” ×¨×§ ×›×œ×™ ×ª×§×©×•×¨×ª ××—×“ ×©×¢×©×” ×™×•×ª×¨ × ×–×§ ×œ×¢× ×”×™×”×•×“×™ ××¢×¨×•×¥ 12....",iw,[],[],[],200,55,1334,[],[],https://twitter.com/YairNetanyahu/status/1375116080805449729,False,,0,,,,,,,,[],,,,
1374836529219112963,1374836529219112963,2021-03-24 23:32:26 Jerusalem Standard Time,2021-03-24,23:32:26,+0300,876408437814558724,yairnetanyahu,Yair Netanyahu ğŸ‡®ğŸ‡±,,12 ×–×” ×œ× ×¢×¨×•×¥. ×–×• ××¤×œ×’×”. ××¤×œ×’×ª ×©×××œ ×§×™×¦×•× ×™.,iw,[],[],[],206,75,2031,[],[],https://twitter.com/YairNetanyahu/status/1374836529219112963,False,,0,,,,,,,,[],,,,
1374834166639034369,1374834166639034369,2021-03-24 23:23:03 Jerusalem Standard Time,2021-03-24,23:23:03,+0300,876408437814558724,yairnetanyahu,Yair Netanyahu ğŸ‡®ğŸ‡±,,×¦×•×“×§,iw,[],[],[],36,34,628,[],[],https://twitter.com/YairNetanyahu/status/1374834166639034369,False,https://twitter.com/newsisrael13/status/1133852701954064385,0,,,,,,,,[],,,,
1374748311094190082,1374748311094190082,2021-03-24 17:41:53 Jerusalem Standard Time,2021-03-24,17:41:53,+0300,876408437814558724,yairnetanyahu,Yair Netanyahu ğŸ‡®ğŸ‡±,,×”×ª×—×œ× ×• ×¢× ×”×ª×¨×’×™×œ×™×....  https://t.co/nmd28qWXK7,iw,[],[],['https://pbs.twimg.com/media/ExQWTOdWQAEiUTU.jpg'],111,56,827,[],[],https://twitter.com/YairNetanyahu/status/1374748311094190082,False,,1,https://pbs.twimg.com/media/ExQWTOdWQAEiUTU.jpg,,,,,,,[],,,,
1374529340474486786,1374521179017416704,2021-03-24 03:11:46 Jerusalem Standard Time,2021-03-24,03:11:46,+0300,876408437814558724,yairnetanyahu,Yair Netanyahu ğŸ‡®ğŸ‡±,,@yaronavraham ×‘×´×’×¨×¨×´ ××ª×” ××ª×›×•×•×Ÿ × ×¡×¢ ×œ×›× ×¡×ª ×‘3 ×‘×œ×™×œ×” ×œ×”×¦×‘×™×¢ *× ×’×“* ×¤×™×–×•×¨ ×”×›× ×¡×ª?!?,iw,[],[],[],13,9,357,[],[],https://twitter.com/YairNetanyahu/status/1374529340474486786,False,,0,,,,,,,,"[{'screen_name': 'yaronavraham', 'name': 'Yaron Avraham ×™×¨×•×Ÿ ××‘×¨×”×', 'id': '1107190434'}]",,,,
1374441316390637574,1374439304672382984,2021-03-23 21:22:00 Jerusalem Standard Time,2021-03-23,21:22:00,+0300,876408437814558724,yairnetanyahu,Yair Netanyahu ğŸ‡®ğŸ‡±,,@Nissim_Sofer ğŸ‘ğŸ¼ğŸ‘ğŸ¼ğŸ‘ğŸ¼,und,[],[],[],5,2,129,[],[],https://twitter.com/YairNetanyahu/status/1374441316390637574,False,,0,,,,,,,,"[{'screen_name': 'Nissim_Sofer', 'name': '× ×™×¡×™× ×¡×•×¤×¨', 'id': '849892223550455809'}]",,,,
1374376689338261510,1374304884170838019,2021-03-23 17:05:12 Jerusalem Standard Time,2021-03-23,17:05:12,+0300,876408437814558724,yairnetanyahu,Yair Netanyahu ğŸ‡®ğŸ‡±,,@itamareichner @ynetalerts ×•×”×™×” ×œ× ×• ×¡×’×Ÿ ×¨××˜×›×œ ×©×”×©×•×•×” ×‘× ××•× ×‘×™×•×Ÿ ×”×©×•××” ××ª ×™×©×¨××œ ×œ×’×¨×× ×™×” ×”× ××¦×™×ª!!! ×¢×œ ××“×™×!!! ×•××ª× ×›×•×œ×›× ××—××ª× ×œ×• ×›×¤×™×™× ×‘××§×•× ×œ×“×¨×•×© ××ª ×¤×™×˜×•×¨×™×• ×•×”×¢××“×ª×• ×œ×“×™×Ÿ ×¦×‘××™!,iw,[],[],[],1,0,6,[],[],https://twitter.com/YairNetanyahu/status/1374376689338261510,False,,0,,,,,,,,"[{'screen_name': 'itamareichner', 'name': 'Itamar Eichner', 'id': '353886137'}, {'screen_name': 'ynetalerts', 'name': 'ynet ×¢×“×›×•× ×™', 'id': '33473850'}]",,,,
1374376453618372616,1374304884170838019,2021-03-23 17:04:15 Jerusalem Standard Time,2021-03-23,17:04:15,+0300,876408437814558724,yairnetanyahu,Yair Netanyahu ğŸ‡®ğŸ‡±,,@itamareichner @ynetalerts ××–×›×™×¨ ×”×××©×œ×” ×–×” ××©×¨×ª ×××•×Ÿ ×©×œ ×¨××© ×”×××©×œ×”.,iw,[],[],[],0,0,3,[],[],https://twitter.com/YairNetanyahu/status/1374376453618372616,False,,0,,,,,,,,"[{'screen_name': 'itamareichner', 'name': 'Itamar Eichner', 'id': '353886137'}, {'screen_name': 'ynetalerts', 'name': 'ynet ×¢×“×›×•× ×™', 'id': '33473850'}]",,,,
1374365144331874310,1374365144331874310,2021-03-23 16:19:19 Jerusalem Standard Time,2021-03-23,16:19:19,+0300,876408437814558724,yairnetanyahu,Yair Netanyahu ğŸ‡®ğŸ‡±,,"××—×•×–×™ ×”×”×¦×‘×¢×” ×‘××¢×•×–×™ ×”×©×××œ ×›××• ×¨××ª ×‘×©×¨×•×Ÿ, ×”×•×“ ×”×©×¨×•×Ÿ, ×¡×‘×™×•×Ÿ, ×•×¦×¤×•×Ÿ ×ª×œ ××‘×™×‘ ×××•×“ ×××•×“ ×××•×“ ×’×‘×•×”×™×!!! ×‘×¢×¨×™ ×”×œ×™×›×•×“ ×›××• ××©×§×œ×•×Ÿ, ×§×¨×™×ª ×©××•× ×”, ×˜×‘×¨×™×”, ×‘××¨ ×©×‘×¢, ×™×¨×•×©×œ×™×, ×¢×¤×•×œ×”, × ×ª× ×™×”, ××—×•×–×™ ×”×”×¦×‘×¢×” ×××•×“ ×××•×“ × ××•×›×™×! ×œ×™×›×•×“× ×™×§×™× ×¦××• ×œ×”×¦×‘×™×¢! ğŸš¨ğŸš¨ğŸš¨ğŸš¨ğŸš¨ğŸš¨",iw,[],[],[],130,197,1364,[],[],https://twitter.com/YairNetanyahu/status/1374365144331874310,False,,0,,,,,,,,[],,,,
1374360574474194945,1374304884170838019,2021-03-23 16:01:09 Jerusalem Standard Time,2021-03-23,16:01:09,+0300,876408437814558724,yairnetanyahu,Yair Netanyahu ğŸ‡®ğŸ‡±,,@itamareichner @ynetalerts ×•××” ×¢× ×”×©×™××•×© ×©×œ ×‘× ×™ ×’× ×¥ ×”×™×•× ×‘××©×¨×“ ×”××©×¤×˜×™×? ×™×© ×œ×™ ×—×“×©×•×ª ×‘×©×‘×™×œ×š- ×œ×›×œ ××–×¨×— ×‘××“×™× ×” ×™×© ×–×›×•×ª ×œ×”×¦×‘×™×¢ ×œ××™ ×©×”×•× ×¨×•×¦×” ×•×œ×”×¢×œ×•×ª ××ª ×”×ª××•× ×” ×œ×¤×™×™×¡×‘×•×§ ×”×¤×¨×˜×™ ×©×œ×•!,iw,[],[],[],1,0,5,[],[],https://twitter.com/YairNetanyahu/status/1374360574474194945,False,,0,,,,,,,,"[{'screen_name': 'itamareichner', 'name': 'Itamar Eichner', 'id': '353886137'}, {'screen_name': 'ynetalerts', 'name': 'ynet ×¢×“×›×•× ×™', 'id': '33473850'}]",,,,
1374360332374794241,1374304884170838019,2021-03-23 16:00:12 Jerusalem Standard Time,2021-03-23,16:00:12,+0300,876408437814558724,yairnetanyahu,Yair Netanyahu ğŸ‡®ğŸ‡±,,"@itamareichner @ynetalerts ××ª×” ×¨×¦×™× ×™?!? ×”×™× × ×××” × ××•××™× ×¤×•×œ×™×˜×™×™× × ×’×“ ×¨××© ×”×××©×œ×” ×•×”×™××™×Ÿ, ×‘×–××Ÿ ×©×”×™× ×¤×§×™×“×” ×‘××©×¨×“ ×”××©×¤×˜×™×™×!!!",iw,[],[],[],2,0,14,[],[],https://twitter.com/YairNetanyahu/status/1374360332374794241,False,,0,,,,,,,,"[{'screen_name': 'itamareichner', 'name': 'Itamar Eichner', 'id': '353886137'}, {'screen_name': 'ynetalerts', 'name': 'ynet ×¢×“×›×•× ×™', 'id': '33473850'}]",,,,
1374352790433193988,1374352790433193988,2021-03-23 15:30:14 Jerusalem Standard Time,2021-03-23,15:30:14,+0300,876408437814558724,yairnetanyahu,Yair Netanyahu ğŸ‡®ğŸ‡±,,"×›×•×œ× ×• ××¦×‘×™×¢×™× ×œ×™×›×•×“- ××—×œ!!! ×©×™××• ×œ×‘ ×œ×‘×“×•×§ ×¤×¢××™×™× ×œ×¤× ×™ ×©××ª× ××›× ×™×¡×™× ××ª ×”×¤×ª×§ ×œ××¢×˜×¤×” ×©×œ× ×”×ª×‘×œ×‘×œ×ª× ×‘×˜×¢×•×ª ×‘×¤×ª×§, ×•×©×œ× ×”×›× ×¡×ª× ×‘×˜×¢×•×ª 2 ×¤×ª×§×™×!  https://t.co/PZ45hOiWr9",iw,[],[],['https://pbs.twimg.com/media/ExKuk10XEAkVH-k.jpg'],114,109,1555,[],[],https://twitter.com/YairNetanyahu/status/1374352790433193988,False,,1,https://pbs.twimg.com/media/ExKuk10XEAkVH-k.jpg,,,,,,,[],,,,
1374338548439076868,1374280725718040577,2021-03-23 14:33:38 Jerusalem Standard Time,2021-03-23,14:33:38,+0300,876408437814558724,yairnetanyahu,Yair Netanyahu ğŸ‡®ğŸ‡±,,@matteosalvinimi @netanyahu Thank you! ğŸ‡®ğŸ‡¹ğŸ‡®ğŸ‡±,en,[],[],[],4,4,129,[],[],https://twitter.com/YairNetanyahu/status/1374338548439076868,False,,0,,,,,,,,"[{'screen_name': 'matteosalvinimi', 'name': 'Matteo Salvini', 'id': '270839361'}, {'screen_name': 'netanyahu', 'name': 'Benjamin Netanyahu', 'id': '17061263'}]",,,,
1374338525089427460,1374338525089427460,2021-03-23 14:33:33 Jerusalem Standard Time,2021-03-23,14:33:33,+0300,876408437814558724,yairnetanyahu,Yair Netanyahu ğŸ‡®ğŸ‡±,,Thank you! ğŸ‡®ğŸ‡¹ğŸ‡®ğŸ‡±,en,[],[],[],9,21,354,[],[],https://twitter.com/YairNetanyahu/status/1374338525089427460,False,https://twitter.com/matteosalvinimi/status/1374280725718040577,0,,,,,,,,[],,,,
1374321496022208516,1374316844673331202,2021-03-23 13:25:52 Jerusalem Standard Time,2021-03-23,13:25:52,+0300,876408437814558724,yairnetanyahu,Yair Netanyahu ğŸ‡®ğŸ‡±,,@MiriBarbi @netanyahu @TopazLuk â¤ï¸â¤ï¸â¤ï¸,und,[],[],[],2,1,41,[],[],https://twitter.com/YairNetanyahu/status/1374321496022208516,False,,0,,,,,,,,"[{'screen_name': 'MiriBarbi', 'name': 'miri barbi', 'id': '982873255550816256'}, {'screen_name': 'netanyahu', 'name': 'Benjamin Netanyahu', 'id': '17061263'}, {'screen_name': 'TopazLuk', 'name': 'Topaz Luk ğŸ‡®ğŸ‡±', 'id': '338265658'}]",,,,
1374318298284896257,1374317460426530819,2021-03-23 13:13:10 Jerusalem Standard Time,2021-03-23,13:13:10,+0300,876408437814558724,yairnetanyahu,Yair Netanyahu ğŸ‡®ğŸ‡±,,@mobinsaud @Israelipm_ar @netanyahu @Likud_Party ğŸ‡¸ğŸ‡¦ğŸ‡®ğŸ‡±â¤ï¸,und,[],[],[],0,2,28,[],[],https://twitter.com/YairNetanyahu/status/1374318298284896257,False,,0,,,,,,,,"[{'screen_name': 'mobinsaud', 'name': 'Ù…Ø­Ù…Ø¯ Ø³Ø¹ÙˆØ¯ Mohammed Saud', 'id': '1332952510823329792'}, {'screen_name': 'Israelipm_ar', 'name': 'Ø¨Ù†ÙŠØ§Ù…ÙŠÙ† Ù†ØªÙ†ÙŠØ§Ù‡Ùˆ', 'id': '1009434428'}, {'screen_name': 'netanyahu', 'name': 'Benjamin Netanyahu', 'id': '17061263'}, {'screen_name': 'Likud_Party', 'name': '×”×œ×™×›×•×“', 'id': '23580789'}]",,,,
1374309170602766338,1374304884170838019,2021-03-23 12:36:54 Jerusalem Standard Time,2021-03-23,12:36:54,+0300,876408437814558724,yairnetanyahu,Yair Netanyahu ğŸ‡®ğŸ‡±,,@itamareichner @ynetalerts ×—×—×—×—×—×—×—×— ×•××ª×” ×‘×˜×— ××•×ª×• ××—×“ ×©×”×™×” ×¡×‘×‘×” ×œ×’××¨×™ ×¢× ×”× ××•××™× ×”×¤×•×œ×™×˜×™×™× ×”××˜×•×¨×œ×œ×™× ×©×œ ×“×™× ×” ×–×™×œ×‘×¨ ğŸ˜‚,iw,[],[],[],11,5,138,[],[],https://twitter.com/YairNetanyahu/status/1374309170602766338,False,,0,,,,,,,,"[{'screen_name': 'itamareichner', 'name': 'Itamar Eichner', 'id': '353886137'}, {'screen_name': 'ynetalerts', 'name': 'ynet ×¢×“×›×•× ×™', 'id': '33473850'}]",,,,
1374297534978490369,1374297534978490369,2021-03-23 11:50:40 Jerusalem Standard Time,2021-03-23,11:50:40,+0300,876408437814558724,yairnetanyahu,Yair Netanyahu ğŸ‡®ğŸ‡±,, https://t.co/GjmMoXNzmj,und,[],['https://www.israelhayom.co.il/opinion/863667?fbclid=IwAR3TdR7gYGxuAZ3amkMAzu3qPoNLPuApNk73buji1gbowgP3226E2rugKQg'],[],4,9,108,[],[],https://twitter.com/YairNetanyahu/status/1374297534978490369,False,,0,,,,,,,,[],,,,
1374290013026971650,1374279206868242435,2021-03-23 11:20:46 Jerusalem Standard Time,2021-03-23,11:20:46,+0300,876408437814558724,yairnetanyahu,Yair Netanyahu ğŸ‡®ğŸ‡±,,@naftalibennett ×©×§×¨×Ÿ!!!! ×”× ×¢×•××“×™× ×‘×“×™×•×§ ×¢×œ 4!,iw,[],[],[],35,20,392,[],[],https://twitter.com/YairNetanyahu/status/1374290013026971650,False,,0,,,,,,,,"[{'screen_name': 'naftalibennett', 'name': 'Naftali Bennett ×‘× ×˜', 'id': '13197402'}]",,,,
1374102021406650371,1373923905711304704,2021-03-22 22:53:46 Jerusalem Standard Time,2021-03-22,22:53:46,+0300,876408437814558724,yairnetanyahu,Yair Netanyahu ğŸ‡®ğŸ‡±,,@naftalibennett ×—×—×— ××©×›×¨×” ×”×¢×œ×ª ××ª ×”×ª××•× ×”?  https://t.co/WSi68wJ9Up,iw,[],['https://twitter.com/nachi_z9/status/1374060546358702082?s=21'],[],3,2,126,[],[],https://twitter.com/YairNetanyahu/status/1374102021406650371,False,https://twitter.com/nachi_z9/status/1374060546358702082?s=21,0,,,,,,,,"[{'screen_name': 'naftalibennett', 'name': 'Naftali Bennett ×‘× ×˜', 'id': '13197402'}]",,,,
1374092772043595789,1374092259629613058,2021-03-22 22:17:00 Jerusalem Standard Time,2021-03-22,22:17:00,+0300,876408437814558724,yairnetanyahu,Yair Netanyahu ğŸ‡®ğŸ‡±,,@dudiamsalem ×™×”×™×” ×–×›×¨×• ×‘×¨×•×š! â¤ï¸,iw,[],[],[],1,0,122,[],[],https://twitter.com/YairNetanyahu/status/1374092772043595789,False,,0,,,,,,,,"[{'screen_name': 'dudiamsalem', 'name': '×“×•×“×™ ×××¡×œ× ğŸ‡®ğŸ‡±', 'id': '3221813461'}]",,,,
1374084603913322502,1374079159874560001,2021-03-22 21:44:33 Jerusalem Standard Time,2021-03-22,21:44:33,+0300,876408437814558724,yairnetanyahu,Yair Netanyahu ğŸ‡®ğŸ‡±,,@amit_segal ×¢×¦×•×‘ ×™×”×™×” ×–×›×¨×” ×‘×¨×•×š!,iw,[],[],[],1,1,383,[],[],https://twitter.com/YairNetanyahu/status/1374084603913322502,False,,0,,,,,,,,"[{'screen_name': 'amit_segal', 'name': '×¢××™×ª ×¡×’×œ Amit Segal', 'id': '114894966'}]",,,,
1374083369261219841,1374083369261219841,2021-03-22 21:39:39 Jerusalem Standard Time,2021-03-22,21:39:39,+0300,876408437814558724,yairnetanyahu,Yair Netanyahu ğŸ‡®ğŸ‡±,,"××¢× ×™×™×Ÿ ××™ ×¢×•××“ ×××—×•×¨×™ ×”×‘×•×˜ ×”×–×” ×•××™ ××××Ÿ ××•×ª×•. ×× ××©×˜×¨×ª ×™×©×¨××œ ×¨×•×¦×”, ×”×™× ×™×›×•×œ×” ×œ××ª×¨ ××•×ª×• ×‘×©× ×™×™×” ×“×¨×š ××—×œ×§×ª ×”×¡×™×™×‘×¨....",iw,[],[],[],81,45,616,[],[],https://twitter.com/YairNetanyahu/status/1374083369261219841,False,https://twitter.com/Saifale54109623/status/1374055861392400389,0,,,,,,,,[],,,,
1374055165565800449,1374048696359325700,2021-03-22 19:47:34 Jerusalem Standard Time,2021-03-22,19:47:34,+0300,876408437814558724,yairnetanyahu,Yair Netanyahu ğŸ‡®ğŸ‡±,,@ranboker @ynetalerts *×›×¤×•×™×ª ×˜×•×‘×”,iw,[],[],[],3,0,25,[],[],https://twitter.com/YairNetanyahu/status/1374055165565800449,False,,0,,,,,,,,"[{'screen_name': 'ranboker', 'name': 'Ran Boker ×¨×Ÿ ×‘×•×§×¨', 'id': '72026060'}, {'screen_name': 'ynetalerts', 'name': 'ynet ×¢×“×›×•× ×™', 'id': '33473850'}]",,,,
1374054363883319299,1374048696359325700,2021-03-22 19:44:23 Jerusalem Standard Time,2021-03-22,19:44:23,+0300,876408437814558724,yairnetanyahu,Yair Netanyahu ğŸ‡®ğŸ‡±,,@ranboker @ynetalerts ×× ×›×‘×¨ ××– ×ª×¤×¨×¡× ××ª ×”×ª×’×•×‘×” ×©×œ×™ ×œ×ª×’×•×‘×” ×”××—×•×¦×¤×ª ×•×›×¤×•×¢×œ ×”×˜×•×‘×” ×©×œ×•  https://t.co/ovOOCGqyDv,iw,[],[],['https://pbs.twimg.com/media/ExGfKMcXIAMfOZT.jpg'],7,4,62,[],[],https://twitter.com/YairNetanyahu/status/1374054363883319299,False,,1,https://pbs.twimg.com/media/ExGfKMcXIAMfOZT.jpg,,,,,,,"[{'screen_name': 'ranboker', 'name': 'Ran Boker ×¨×Ÿ ×‘×•×§×¨', 'id': '72026060'}, {'screen_name': 'ynetalerts', 'name': 'ynet ×¢×“×›×•× ×™', 'id': '33473850'}]",,,,
1374050044333191172,1374050044333191172,2021-03-22 19:27:13 Jerusalem Standard Time,2021-03-22,19:27:13,+0300,876408437814558724,yairnetanyahu,Yair Netanyahu ğŸ‡®ğŸ‡±,,×œ× ×™×××Ÿ. @KerenMarc ×•@yaronavraham ×‘×ª×¢××•×œ×” ×‘×•×˜×”  × ×’×“ × ×ª× ×™×”×• ××”××§×¤×¦×”. ×œ×¤×—×•×ª ×ª×¢×©×• ××ª ×–×” ×‘×ª×—×›×•× ×›××• ×“×¤× ×” ×œ×™××œ...,iw,"[{'screen_name': 'kerenmarc', 'name': '×§×¨×Ÿ ××¨×¦×™×× ×•', 'id': '2737410751'}, {'screen_name': 'yaronavraham', 'name': 'yaron avraham ×™×¨×•×Ÿ ××‘×¨×”×', 'id': '1107190434'}]",[],[],62,34,818,[],[],https://twitter.com/YairNetanyahu/status/1374050044333191172,False,,0,,,,,,,,[],,,,
1374049090137362433,1374049090137362433,2021-03-22 19:23:26 Jerusalem Standard Time,2021-03-22,19:23:26,+0300,876408437814558724,yairnetanyahu,Yair Netanyahu ğŸ‡®ğŸ‡±,,Thank you! ğŸ‡¸ğŸ‡®ğŸ‡®ğŸ‡±â¤ï¸,en,[],[],[],6,7,208,[],[],https://twitter.com/YairNetanyahu/status/1374049090137362433,False,https://twitter.com/JJansaSDS/status/1374043180069482510,0,,,,,,,,[],,,,
1374048972394876928,1374043180069482510,2021-03-22 19:22:58 Jerusalem Standard Time,2021-03-22,19:22:58,+0300,876408437814558724,yairnetanyahu,Yair Netanyahu ğŸ‡®ğŸ‡±,,@JJansaSDS @netanyahu @Likud_Party @idualliance Thank you! ğŸ‡¸ğŸ‡®â¤ï¸ğŸ‡®ğŸ‡±,en,[],[],[],6,1,84,[],[],https://twitter.com/YairNetanyahu/status/1374048972394876928,False,,0,,,,,,,,"[{'screen_name': 'JJansaSDS', 'name': 'Janez JanÅ¡a', 'id': '258856900'}, {'screen_name': 'netanyahu', 'name': 'Benjamin Netanyahu', 'id': '17061263'}, {'screen_name': 'Likud_Party', 'name': '×”×œ×™×›×•×“', 'id': '23580789'}, {'screen_name': 'idualliance', 'name': 'International Democrat Union', 'id': '2461510118'}]",,,,
1374046624457035778,1374046624457035778,2021-03-22 19:13:38 Jerusalem Standard Time,2021-03-22,19:13:38,+0300,876408437814558724,yairnetanyahu,Yair Netanyahu ğŸ‡®ğŸ‡±,,"@KerenMarc ××¦×™×¢ ×œ×š ×œ×”×ª× ×¦×œ ×¢×•×“ ×”×¢×¨×‘ ×‘×©×™×“×•×¨, ××• ×œ×”×ª×›×•× ×Ÿ ×œ×ª×‘×™×¢×ª ×“×™×‘×”.",iw,[],[],[],45,14,169,[],[],https://twitter.com/YairNetanyahu/status/1374046624457035778,False,,0,,,,,,,,[],,,,
1374043203582722053,1374000720006021124,2021-03-22 19:00:02 Jerusalem Standard Time,2021-03-22,19:00:02,+0300,876408437814558724,yairnetanyahu,Yair Netanyahu ğŸ‡®ğŸ‡±,,@judash0 ××” ×™×© ×œ×• × ×’×“ ×‘× ×˜×™×¡×˜×™×?,iw,[],[],[],14,2,130,[],[],https://twitter.com/YairNetanyahu/status/1374043203582722053,False,,0,,,,,,,,"[{'screen_name': 'judash0', 'name': '×™×”×•×“×” ×©×œ×–×™× ×’×¨', 'id': '3432981237'}]",,,,
1374032667927318534,1374032667927318534,2021-03-22 18:18:10 Jerusalem Standard Time,2021-03-22,18:18:10,+0300,876408437814558724,yairnetanyahu,Yair Netanyahu ğŸ‡®ğŸ‡±,,"××•×©×œ × ×™×• ×™×•×¨×§ ××•×“×™×¢ ×¢×œ ×¤×¨×™×¦×ª ×“×¨×š! ×××—×¨ ×™×© ×”×ª×§×“××•×ª ××©××¢×•×ª×™×ª ×‘××‘×¦×¢ ×”×—×™×¡×•× ×™×, ×•×›×œ ××—×“ ××¢×œ ×’×™×œ *50* ×™×›×•×œ ×œ×”×ª×—×¡×Ÿ! ××ª× ×§×•×œ×˜×™× ××™×–×” ×¢× ×§ × ×ª× ×™×”×•?!  https://t.co/PgSBDohhNH",iw,[],[],['https://pbs.twimg.com/media/ExGLbVgWUAIwUfl.jpg'],48,59,780,[],[],https://twitter.com/YairNetanyahu/status/1374032667927318534,False,,1,https://pbs.twimg.com/media/ExGLbVgWUAIwUfl.jpg,,,,,,,[],,,,
1373978671518781451,1373959067740340228,2021-03-22 14:43:37 Jerusalem Standard Time,2021-03-22,14:43:37,+0300,876408437814558724,yairnetanyahu,Yair Netanyahu ğŸ‡®ğŸ‡±,,@mobinsaud @netanyahu ğŸ‡¸ğŸ‡¦ğŸ‡®ğŸ‡±ğŸ’ª,und,[],[],[],2,0,45,[],[],https://twitter.com/YairNetanyahu/status/1373978671518781451,False,,0,,,,,,,,"[{'screen_name': 'mobinsaud', 'name': 'Ù…Ø­Ù…Ø¯ Ø³Ø¹ÙˆØ¯ Mohammed Saud', 'id': '1332952510823329792'}, {'screen_name': 'netanyahu', 'name': 'Benjamin Netanyahu', 'id': '17061263'}]",,,,
1373924589324152834,1373770863988850689,2021-03-22 11:08:43 Jerusalem Standard Time,2021-03-22,11:08:43,+0300,876408437814558724,yairnetanyahu,Yair Netanyahu ğŸ‡®ğŸ‡±,,@YinonMagal ×–×” ×›××• ×©×œ×™××ª ×‘×Ÿ ××¨×™ ××—×¨××™×ª ×¢×œ ×ª×—×•× ×”××›×™×¤×” ×”×›×œ×›×œ×™×ª... ×•××‘×¦×¢×ª ×¢×‘×™×¨×•×ª ×¤×œ×™×œ×™×•×ª ×‘××•×ª×• ×ª×—×•× ×××©...,iw,[],[],[],8,12,370,[],[],https://twitter.com/YairNetanyahu/status/1373924589324152834,False,,0,,,,,,,,"[{'screen_name': 'YinonMagal', 'name': '×™× ×•×Ÿ ××’×œ', 'id': '933990392'}]",,,,
1373726349295292416,1373726349295292416,2021-03-21 22:00:58 Jerusalem Standard Time,2021-03-21,22:00:58,+0300,876408437814558724,yairnetanyahu,Yair Netanyahu ğŸ‡®ğŸ‡±,,"×•××•×• ×•×•××• ×•×•××•!!!! ğŸ’¥ğŸ’¥ğŸ’¥ğŸ’¥×”×©×¨×” ×œ×©×¢×‘×¨ ×¡×•×¤×” ×œ× ×“×‘×¨ , ××™ ×©×”×™×™×ª×” ×‘×™×Ÿ ×”×›×™ ××§×•×¨×‘×•×ª ×œ×œ×™×‘×¨××Ÿ, ×¤×•×ª×—×ª ××ª ×”×¤×”, ×•× ×›× ×¡×ª ×‘×œ×™×‘×¨××Ÿ ×¢×œ 120 ×§××©!  https://t.co/BhJxz7Troq",iw,[],['https://www.facebook.com/100013094417228/posts/1175056086274194/?d=n'],[],115,177,1457,[],[],https://twitter.com/YairNetanyahu/status/1373726349295292416,False,,0,,,,,,,,[],,,,
1373688811511803905,1373670436068790275,2021-03-21 19:31:49 Jerusalem Standard Time,2021-03-21,19:31:49,+0300,876408437814558724,yairnetanyahu,Yair Netanyahu ğŸ‡®ğŸ‡±,,"@arik3000 â€œ×™×©×¨××œ ×”×™×•× × ×ª×Ÿ ×‘××” ×¨×—×‘×” ×œ×‘×™×§×•×¨×ª ××¢×¨×›×ª ××›×™×¤×ª ×”×—×•×§×´ ğŸ¤£ğŸ¤£ğŸ¤£ğŸ¤£ğŸ¤£ğŸ¤£ğŸ¤£ğŸ¤£ğŸ¤£ğŸ¤£ğŸ¤£. × ×©××”- ××××¨×™ ×“×¢×” ×‘×¢××•×“ 30, ×œ× ××¢× ×™×™× ×™× ××£ ××—×“ ×•×œ× ××©× ×™× ×›×œ×•× ×‘××¦×™××•×ª. *×ª×—×§×™×¨×™×* ×©××¨×•×—×™× ×¢×œ ×”×©×¢×¨ ××œ××¢×œ×” ×¢×“ ×œ××˜×” (×›××• ×©×¢×•×©×™× ×‘×™×“×™×¢×•×ª)- ×›×Ÿ!",iw,[],[],[],2,2,18,[],[],https://twitter.com/YairNetanyahu/status/1373688811511803905,False,,0,,,,,,,,"[{'screen_name': 'arik3000', 'name': 'Ariel Kahana ××¨×™××œ ×›×”× ×', 'id': '187203578'}]",,,,
1373680486858551298,1373670436068790275,2021-03-21 18:58:44 Jerusalem Standard Time,2021-03-21,18:58:44,+0300,876408437814558724,yairnetanyahu,Yair Netanyahu ğŸ‡®ğŸ‡±,,"@arik3000 @arik3000 ×œ×¨××•×ª  ×•×œ×”×‘×™×Ÿ ××ª ×”×©×¤×™×›×•×ª ×“××™× ×”×–××ª ×›×œ ×”×©× ×™×- ×•×œ×”×¡×™×˜ ××ª ×”××‘×˜ ×œ×¦×“ ×”×©× ×™, ×–×” ×›××¢×˜ ×’×¨×•×¢ ×›××• ×œ×¢×©×•×ª ××ª×–×”",iw,[],[],[],2,2,25,[],[],https://twitter.com/YairNetanyahu/status/1373680486858551298,False,,0,,,,,,,,"[{'screen_name': 'arik3000', 'name': 'Ariel Kahana ××¨×™××œ ×›×”× ×', 'id': '187203578'}]",,,,
1373674897185112068,1373670436068790275,2021-03-21 18:36:31 Jerusalem Standard Time,2021-03-21,18:36:31,+0300,876408437814558724,yairnetanyahu,Yair Netanyahu ğŸ‡®ğŸ‡±,,"@arik3000 &gt; 5 ×©× ×™× ×©×”×¢×™×ª×•×Ÿ ×©×œ×›× ××’×œ×’×œ ×¢×™× ×™×™× ×œ× ×¨×•××” ×œ× ×©×•××¢! ×¨××™×•× ×•×ª ×©×¢×¨ ×¢× ×‘× ×˜ ×•×©×§×“ ×™×•×ª×¨ ××¢× ×™×™× ×™× ××ª×—×§×™×¨×™× ×¢×œ ×”××•×©×—×ª×™× ×”××œ×” ×‘×¤×¨×§×œ×™×˜×•×ª ×•×‘××©×˜×¨×” ×©×‘×¢×¦× ×‘×™×¦×¢×• ×”×¤×™×›×”, ×•×¢×‘×¨×• ×¢×œ ×›×› ×”×¨×‘×” ×¢×‘×™×¨×•×ª ×¤×œ×™×œ×™×•×ª ×¢×œ ×”×“×¨×š, ×©×’× 400 ×©× ×” ×‘×›×œ× ×œ× ×™×¡×¤×™×§×• ×œ×¢×•× ×©×™× ×”××¦×˜×‘×¨×™× ×¢×œ ×›×œ ×”×–×•×•×¢×•×ª ×”××œ×” ×œ×¤×™ ×—×•×§×™ ×”××“×™× ×” ×”×§×™×™××™×",iw,[],[],[],1,2,33,[],[],https://twitter.com/YairNetanyahu/status/1373674897185112068,False,,0,,,,,,,,"[{'screen_name': 'arik3000', 'name': 'Ariel Kahana ××¨×™××œ ×›×”× ×', 'id': '187203578'}]",,,,
1373673889470025734,1373670436068790275,2021-03-21 18:32:31 Jerusalem Standard Time,2021-03-21,18:32:31,+0300,876408437814558724,yairnetanyahu,Yair Netanyahu ğŸ‡®ğŸ‡±,,"@arik3000 &gt;&gt;&gt; ×‘××“×™× ×”, ××ª×” ×—×‘×¨×• ×”×˜×•×‘ ×©×œ ×”×¢×•×¨×š. ×•×”×¢×™×ª×•×Ÿ ×©×œ×›× ×œ× ×¢×©×” ×›×œ×•× ×›×œ ×”×©× ×™×!!! ×¢××“ ×‘×¦×“ ×•×¤×™×”×§ , ×•×¢×©×” ×‘×–××Ÿ ×”×–×” ×©×¢×¨×™× ×¢×œ ×¨××™×•× ×•×ª ×¢× ×“×•×’×× ×™×•×ª ××• ×¢×œ ×©×˜×•×™×•×ª ××—×¨×•×ª. ×‘×•×©×” ×•×—×¨×¤×”!",iw,[],[],[],1,1,28,[],[],https://twitter.com/YairNetanyahu/status/1373673889470025734,False,,0,,,,,,,,"[{'screen_name': 'arik3000', 'name': 'Ariel Kahana ××¨×™××œ ×›×”× ×', 'id': '187203578'}]",,,,
1373673487987048448,1373670436068790275,2021-03-21 18:30:55 Jerusalem Standard Time,2021-03-21,18:30:55,+0300,876408437814558724,yairnetanyahu,Yair Netanyahu ğŸ‡®ğŸ‡±,,"@arik3000 ×”×¤×¨×§×œ×™×˜×•×ª ×”×—×œ×” ×‘××¡×¢ ×¨×“×™×¤×” ×§×¤×§××™ ×•×¤×¡×™×›×•×˜×™ × ×’×“ ×¨××© ×××©×œ×” ××”×™××™×Ÿ ×¢×œ ×¡×™×’×¨×™× ×•×›×ª×‘×” ×‘×•×•××œ×” ×¡×œ×‘×¡ ×¢×œ ×”×‘×œ×•× ×“ ×©×œ ××©×ª×•. ×”×¤×›×• ××ª ×—×™×™×•, ×—×™×™ ××©×¤×—×ª×• ×œ×’×”× ×•×. ×”×˜×¨×™×¤×• ××“×™× ×” ×©×œ××”, 4 ××¢×¨×›×•×ª ×‘×—×™×¨×•×ª, ×¢×™× ×• ××–×¨×—×™× ×›×“×™ ×©×™×’×™×“×• ×¢×“×•×™×•×ª ×©×§×¨ ×•×™×”×™×• ×¢×“×™ ××“×™× ×”. ××ª×” ×‘×¢×œ ×˜×•×¨ ×§×‘×•×¢ ×‘×¢×™×ª×•×Ÿ ×¢× ×”×ª×¤×•×¦×” ×”×’×“×•×œ×” &gt;&gt;",iw,[],[],[],2,1,35,[],[],https://twitter.com/YairNetanyahu/status/1373673487987048448,False,,0,,,,,,,,"[{'screen_name': 'arik3000', 'name': 'Ariel Kahana ××¨×™××œ ×›×”× ×', 'id': '187203578'}]",,,,
1373672194052648960,1373670436068790275,2021-03-21 18:25:47 Jerusalem Standard Time,2021-03-21,18:25:47,+0300,876408437814558724,yairnetanyahu,Yair Netanyahu ğŸ‡®ğŸ‡±,,"@arik3000 ××•×œ×™ ××– ×”×´×‘×™×‘×™×¡×˜×™××´ ×©××ª×” ×›×› ×¦×•×—×§ ×¢×œ×™×”×, ×¦×“×§×• ×›×œ ×”×©× ×™× ×©×”××•×©×—×ª×™× ×‘×¤×¨×§×œ×™×˜×•×ª ×ª×¤×¨×• ×ª×™×§×™× ×œ× ×ª× ×™×”×•? ××•×œ×™ ××ª×” ××›×” ×¢×œ ×—×˜× ×©×œ× ×”×¨×¢×“×ª ×¢×•×œ××•×ª ×¢×œ × ×¡×™×•×Ÿ ×”×”×¤×™×›×” ×”×–×” ×‘×˜×•×¨×™×š ×‘×¢×™×ª×•×Ÿ ×•×‘×¦×™×•×¦×š?",iw,[],[],[],3,1,59,[],[],https://twitter.com/YairNetanyahu/status/1373672194052648960,False,,0,,,,,,,,"[{'screen_name': 'arik3000', 'name': 'Ariel Kahana ××¨×™××œ ×›×”× ×', 'id': '187203578'}]",,,,
1373664784047087616,1373545197771055106,2021-03-21 17:56:20 Jerusalem Standard Time,2021-03-21,17:56:20,+0300,876408437814558724,yairnetanyahu,Yair Netanyahu ğŸ‡®ğŸ‡±,,"@Yonatan_Jaku ×¨××© ×”×××©×œ×” ×›×‘×¨ ×œ×¤× ×™ ×©× ×™× ×”×ª×—×™×œ ×œ×§×“× ×”×§×¦×ª ×’×“×¨ ×‘×™×Ÿ ××™×œ×ª ×œ×™× ×”××œ×—, ×›×¤×™ ×©× ×§×™× ×‘×™×Ÿ ××™×œ×ª ×œ×¢×–×” ×¢×œ ×’×‘×•×œ ××¦×¨×™×. ×›×‘×¨ ×—×œ×§ ×’×“×•×œ ×”×ª×—×™×œ ×œ×”×‘× ×•×ª ×××™×œ×ª ×¦×¤×•× ×”.",iw,[],[],[],3,1,20,[],[],https://twitter.com/YairNetanyahu/status/1373664784047087616,False,,0,,,,,,,,"[{'screen_name': 'Yonatan_Jaku', 'name': 'Yonatan Jakubowicz', 'id': '727382787355992064'}]",,,,
1373663359959240704,1373519134697394176,2021-03-21 17:50:41 Jerusalem Standard Time,2021-03-21,17:50:41,+0300,876408437814558724,yairnetanyahu,Yair Netanyahu ğŸ‡®ğŸ‡±,,@AmichaiChikli ×›×Ÿ. ×¢×•×¨×§×™× ××’×•×© ×”×™××™×Ÿ ×œ×’×•×© ×”×©×××œ. ××¢×‘×™×¨×™× ×§×•×œ×•×ª ××™××™×Ÿ ×œ×©×××œ. ×™×¢×©×• ×”×›×œ ×›×“×™ ×œ×”×•×¨×™×“ ××ª × ×ª× ×™×”×• ×›×•×œ×œ ×œ×—×‘×•×¨ ×œ×©×××œ. ××¤×™×œ×• ×›×‘×¨ ×‘××•×¢×“ × 2019 ×× ×¢×• ×”×§××ª ×××©×œ×ª ×™××™×Ÿ ×œ× ×¤×—×•×ª ××œ×™×‘×¨××Ÿ ×‘×–×›×•×ª ×”×”×¨×¤×ª×§××” ×©×œ ×´×”×™××™×Ÿ ×”×—×“×©×´  (×©×”×•×§× ×œ××—×¨ ×©×”×—×‘×¨ ×× ×“×œ×‘×œ×™×˜ ×××¨ ×œ×”× ×©×”×•× ×¢×•××“ ×œ×”×’×™×© ×›×ª×‘ ×—×“×©×•×ª × ×’×“ × ×ª× ×™×”×• ),iw,[],[],[],2,0,11,[],[],https://twitter.com/YairNetanyahu/status/1373663359959240704,False,,0,,,,,,,,"[{'screen_name': 'AmichaiChikli', 'name': '×¢××™×—×™ ×©×™×§×œ×™', 'id': '1361639886697230339'}]",,,,
1373659823158538240,1373519134697394176,2021-03-21 17:36:37 Jerusalem Standard Time,2021-03-21,17:36:37,+0300,876408437814558724,yairnetanyahu,Yair Netanyahu ğŸ‡®ğŸ‡±,,"@AmichaiChikli ×‘× ×˜- ×œ×™×‘×¨××Ÿ 2, ××ª×Ÿ ×›×”× ×- ××œ×™ ××‘×™×“×¨ 2",iw,[],[],[],4,1,36,[],[],https://twitter.com/YairNetanyahu/status/1373659823158538240,False,,0,,,,,,,,"[{'screen_name': 'AmichaiChikli', 'name': '×¢××™×—×™ ×©×™×§×œ×™', 'id': '1361639886697230339'}]",,,,
1373659048688676872,1373659048688676872,2021-03-21 17:33:33 Jerusalem Standard Time,2021-03-21,17:33:33,+0300,876408437814558724,yairnetanyahu,Yair Netanyahu ğŸ‡®ğŸ‡±,,"××“×”×™×! ×”×¢×•×œ× ××¡×ª×›×œ ×¢×œ ×™×©×¨××œ ×‘×”×¢×¨×¦×” ×•×‘×§× ××”! ×”×›×œ ×‘×–×›×•×ª ××œ×™×•× ×™ ×”×—×™×¡×•× ×™× ×©× ×ª× ×™×”×• ×”×‘×™× ×‘×–×›×•×ª ×”××•×‘×¡×¡×™×‘×™×•×ª ×©×œ×• ×•30 ×©×™×—×•×ª, ×›×•×œ×œ ×‘×××¦×¢ ×”×œ×™×œ×”, ×œ×× ×›×œ ×¤×™×™×–×¨!  https://t.co/A0KnD3vxRV",iw,[],[],[],38,62,652,[],[],https://twitter.com/YairNetanyahu/status/1373659048688676872,False,,1,https://pbs.twimg.com/ext_tw_video_thumb/1373659014874198019/pu/img/4B3AqqOP4Za1Nadr.jpg,,,,,,,[],,,,
1373642104790999044,1373545197771055106,2021-03-21 16:26:13 Jerusalem Standard Time,2021-03-21,16:26:13,+0300,876408437814558724,yairnetanyahu,Yair Netanyahu ğŸ‡®ğŸ‡±,,@Yonatan_Jaku ×××™×–×” ×—×œ×§ ×”× × ×›× ×¡×™×? ×–×” ××¢× ×™×™×Ÿ. ×›×™ ×‘×™×Ÿ ×™× ×”××œ×— ×œ××™×œ×ª ××™×Ÿ ×›××¢×˜ ×’×“×¨. ×œ×¢×•××ª ×”×‘×§×¢×” ×•×¢××§ ×‘×™×ª ×©××Ÿ ×©×™×©,iw,[],[],[],2,0,20,[],[],https://twitter.com/YairNetanyahu/status/1373642104790999044,False,,0,,,,,,,,"[{'screen_name': 'Yonatan_Jaku', 'name': 'Yonatan Jakubowicz', 'id': '727382787355992064'}]",,,,
